dosage,sales_units,n_rows,n_products,n_dosages,n_dosage2_values,n_brands,n_markets,n_quarters
AA TABLETS,5503439939872.0,3242208,1092,1,10,5498,38,48
AB COATED TABLET,5067007467059.0,3532368,878,1,8,4065,38,48
AC CAPSULES,1584483856760.0,1650528,755,1,7,5150,38,48
NG OPHTHALM.LIQ,1495670216006.0,439392,159,1,10,1064,38,48
QG N.TOP LIQUID,1266698442523.0,154416,61,1,9,955,38,48
MG TOPICAL LIQUID,857280703541.0,277776,188,1,17,1726,38,48
RH PRES.AERO.LUNG,785117124237.0,62448,21,1,4,239,38,48
DG ORAL LIQUID,775678819133.0,1103136,759,1,13,3577,38,48
BB COATED RET.TAB,455807729729.0,280368,201,1,5,976,38,48
BA RETARD TABLETS,406249073805.0,212400,207,1,5,963,38,48
MT CREAMS,366260835598.0,324240,197,1,7,1569,38,48
MV TOP GEL/SOL,274258417398.0,157104,161,1,7,1046,38,48
AD SPEC.OR SOLID,274035342177.0,73296,163,1,9,574,38,48
DE PDR/GRN OR.LIQ,211783524378.0,294576,308,1,5,2138,38,48
BC RETARD CAPSULE,200369878690.0,188784,167,1,3,899,38,48
MS OINTMENTS,174657981530.0,168384,170,1,6,1004,38,48
KG ORAL TOP LIQ,168149663716.0,62496,67,1,8,695,38,48
RE PDR/GRN LUNG,136042267367.0,46128,19,1,3,173,38,48
FQ INFUSIONS,134867294379.0,927648,325,1,7,2209,38,48
FM AMPOULES,134106482209.0,781392,460,1,7,2116,38,48
ME TOPICAL POWDER,84915135615.0,14448,49,1,8,190,35,48
RG LUNG ADMIN,80079372846.0,68064,38,1,3,404,38,48
MW MED DRESSINGS,73900378576.0,52608,59,1,10,432,38,48
FP VIAL,72987718117.0,808944,405,1,8,2161,38,48
AE POWDER ORAL,63738529296.0,74592,294,1,6,494,38,48
NS OPHTHALM.OINT.,47104903973.0,36096,45,1,2,233,38,48
PG OTIC LIQUIDS,44057235513.0,18288,41,1,6,228,37,48
VG N-H USE LIQUID,32770900040.0,7392,37,1,4,101,17,48
RC CAP LUNG ADMIN,32528295051.0,28416,20,1,1,154,38,48
JG LIQ OTH.SYST.,29181505453.0,17088,9,1,5,107,38,48
KD ORAL TOP FORMS,28761469795.0,25104,48,1,5,244,38,48
TT VAGINAL CREAM,23167157325.0,21600,26,1,3,208,38,48
NV OPHTH.GEL/SOL,23086585867.0,10368,19,1,3,103,37,48
FN PARENTERALORDINARYPRE-FILLEDSYRINGES,19257667921.0,189840,143,1,10,755,38,48
JW MED DRES SYST,18206724565.0,60768,25,1,2,302,38,48
JV GEL/SOL SYST.,16906152336.0,15984,6,1,3,97,38,48
IG NASAL SYST LIQ,15117890972.0,22512,27,1,4,172,38,48
KS ORAL TOP OINTS,13179373027.0,7968,23,1,2,104,33,48
DK TEAS,12196351798.0,26688,23,1,5,158,27,48
ML SUPPOSITORIES,12093001927.0,28992,26,1,4,329,38,48
HL RECT. SYSTEM. SUPPOSIT.,11995650018.0,69984,90,1,4,413,38,48
MY TOP SPEC FRM,11232746313.0,15936,70,1,6,225,35,48
DH PRESS.AERO.OR.,10141142708.0,2064,5,1,1,31,21,48
QH N.T. PRES.AERO,9497701405.0,6288,15,1,2,88,29,48
DY SPECIAL FORMS,6565554307.0,43200,19,1,2,589,25,48
QV N.TOP GEL/SOL,5673266316.0,2112,8,1,1,23,22,48
KT ORAL TOP CREAM,5551213382.0,2208,14,1,2,22,7,48
DD ORAL SPEC FORM,5258102470.0,1872,19,1,1,29,7,48
KV O.TOP GEL/SOL,4681216978.0,11136,23,1,2,158,33,48
TV VAG GEL/SOL,4432181824.0,9888,19,1,3,114,38,48
BE PDR/GRN RETARD,4277937854.0,6720,11,1,3,58,37,48
TA VAGINAL TABS,3814661433.0,27408,38,1,5,295,38,48
QS N.TOP OINTMENT,3345402213.0,4848,6,1,1,67,31,48
VZ N-H USE M-AID,2765217140.0,101424,25,1,3,1337,27,48
MQ INFUSION EXT.,2592062109.0,18480,24,1,1,136,35,48
TL VAGINAL SUPPOS,2397731349.0,28896,37,1,2,276,36,48
KE O.TOP PWD/GRAN,1919917765.0,2544,14,1,3,48,12,48
QE N.TOP POWDER,1802922668.0,4848,11,1,2,82,24,48
EG OR LIQUID RET,1444424011.0,768,7,1,2,15,6,48
GP VIAL RET,1441637034.0,48048,32,1,5,297,38,48
FR PARENTERAL ORDINARY CARTRIDGES/PENS,1363396187.0,37344,18,1,5,153,38,48
MJ BATHS,1315866454.0,2736,18,1,6,45,13,48
TC VAGINAL CAPS.,1270850878.0,5472,16,1,1,67,35,48
VE N-H USE PD/GRL,1116703943.0,33168,287,1,3,70,17,48
KA ORAL TOP TABS,806552452.0,2496,19,1,5,49,18,48
GM AMPOULES RET,768444101.0,18144,27,1,5,144,38,48
JR OTHER SYSTEMIC CARTRIDGES/PENS,500853767.0,1248,1,1,1,11,18,48
TG VAGINAL LIQUID,441606853.0,7008,23,1,5,100,31,48
KH O.T. PRES.AERO,417839693.0,1344,13,1,2,23,16,48
GN PARENTERALRETARDPRE-FILLEDSYRINGES,403195445.0,51360,26,1,6,215,38,48
MH PRESS.AERO.TOP,378748365.0,21984,68,1,7,219,38,48
TY SPEC.VAG PREPS,310291682.0,13872,12,1,4,112,38,48
MN TOPICALEXTERNALPRE-FILLEDSYRINGES,289183571.0,6960,7,1,4,82,33,48
HG RECT. SYSTEM. LIQUIDS,278173717.0,7632,14,1,1,86,38,48
MD TOP.EXT.SPEC.,276430848.0,672,4,1,1,8,10,48
PS OTIC OINMENTS,247592434.0,192,2,1,1,4,3,48
HV RECT. SYSTEM. GEL/SOL,220636097.0,432,2,1,1,8,4,48
TE PDR/GRN VAGIN.,206960549.0,1680,3,1,1,24,15,48
HH RECT. SYSTEM. AEROS,149718833.0,6192,5,1,2,50,31,48
TS VAGINAL OINT.,118528390.0,384,5,1,1,8,5,48
NT OPHTHALM.CREAM,113433293.0,96,2,1,1,2,2,48
JS OINTMENT SYST.,109589199.0,480,4,1,2,8,7,48
KW O.T. MED.DRESS,90520877.0,432,4,1,1,9,6,48
QT N.TOP CREAM,84327520.0,144,2,1,1,3,2,48
AY SPEC.ORAL FORM,81858927.0,5808,5,1,3,81,18,48
ZY UNK OTH SP.FRM,80977543.0,6240,79,1,2,46,11,48
TW MED.DRES.VAG,78647219.0,240,5,1,2,4,4,48
MZ OTH.MED.AIDS,75195724.0,17472,28,1,10,143,19,48
NW OPHT.MED.DRESS,74854260.0,192,3,1,2,3,4,48
NN OPHTHALMICPRE-FILLEDSYRINGES,71442477.0,14208,9,1,1,127,37,48
VY N-H USE SPC FM,58097598.0,48,1,1,1,1,1,48
VA N-HUM USE TABS,46446773.0,288,4,1,2,6,2,48
IH N.SY PRES AERO,44771335.0,240,4,1,1,5,3,48
AS OINTMENT,43695702.0,336,3,1,1,7,6,48
JT CREAMS SYST.,41258368.0,432,4,1,1,6,5,48
NP OPHTHAL VIALS,40201664.0,8592,12,1,2,61,38,48
EE PDR/GRN LQ.RET,35766561.0,1296,6,1,2,13,16,48
MP TOP/EXT. VIALS,34529340.0,6912,16,1,5,84,37,48
ZG UNKNOWN LIQUID,33855425.0,144,2,1,1,2,2,48
IV N.SYST GEL/SOL,16716878.0,192,2,1,2,3,4,48
HC RECT. SYSTEM. CAPSULE,13367347.0,384,4,1,1,6,6,48
KC ORAL TOP CAPS,12505460.0,96,2,1,1,2,2,48
VM N-HUM USE AMPS,12356221.0,672,4,1,1,14,5,48
QY N.T.OTH SPC FM,11471583.0,192,2,1,1,4,2,48
KZ O.TOP MED AID,11150764.0,96,2,1,1,2,2,48
VV N-HUM GEL/SOL,10766734.0,384,5,1,1,8,4,48
HE RECT. SYSTEM. PDR/GRN,10105935.0,96,1,1,1,2,1,48
NA OPHT TABLETS,10023005.0,96,1,1,1,2,1,48
QC N.TOP CAPSULES,8939951.0,144,3,1,1,3,2,48
GY OTH FRM PAR.RT,7599877.0,2400,11,1,1,31,24,48
HA RECT. SYSTEM. TABLETS,7542004.0,1488,1,1,1,17,20,48
NH OPHT.PRES.AERO,7181027.0,96,1,1,1,2,2,48
VP N-HUM USE VIAL,4889245.0,336,5,1,1,7,4,48
MM AMPOULES TOP,4877368.0,1200,7,1,4,21,17,48
VS N-HUM USE OINT,3241534.0,240,4,1,1,4,2,48
MC CAPS EXTERNAL,3202016.0,432,5,1,1,7,4,48
VW N-H USE M-DRES,2067120.0,48,1,1,1,1,1,48
IE NASAL SYSTEMIC POWDERS/GRANULES,1523744.0,48,1,1,1,1,1,48
ZE UNK.PWDRS/GRAN,1333220.0,144,2,1,1,3,3,48
VT N-H USE CREAM,1134000.0,96,2,1,1,2,2,48
NZ OPHTHALM M-AID,844845.0,192,3,1,3,4,3,48
BD ENTERIC-COATED TABLETS,801430.0,192,2,1,1,4,3,48
ND OPHT SOL FORM,797178.0,336,4,1,1,6,3,48
HS RECT. SYSTEM. OINTMENTS,783400.0,48,1,1,1,1,1,48
MA TABS TOPICAL,615890.0,48,1,1,1,1,1,48
KY O.T.OTH.SP.FRM,170851.0,96,2,1,2,2,2,48
TH VAGINAL AERO.,143143.0,144,3,1,2,3,3,48
JF GASES OTH.SYST,132935.0,96,2,1,1,2,2,48
RY OTH LUNG ADMIN,94367.0,288,3,1,1,6,3,48
VH PRESS.AERO.N-H,89707.0,48,1,1,1,1,1,48
NM AMP.OPHTH.,46142.0,240,3,1,1,5,5,48
JE PDR/GRN OTH.SY,32261.0,720,1,1,1,6,15,48
GR PARENTERAL RETARD CARTRIDGES/PENS,29054.0,96,2,1,2,2,2,48
PY OTIC OTH SPC FM,6790.0,48,1,1,1,1,1,48
JY SPC FM OTH.SYS,428.0,96,2,1,1,2,2,48
ZZ UNK.PWDRS/GRAN,1.0,48,1,1,1,1,1,48
