dosage2,sales_units,n_rows,n_products,n_dosages,n_dosage2_values,n_brands,n_markets,n_quarters
AAA TABLETS,5008978045157.0,2715936,1034,1,1,4871,38,48
ABC FILM-CTD TABS,3970939743759.0,2983968,785,1,1,3560,38,48
NGB DROPS EYE,1305060659612.0,323472,143,1,1,943,38,48
ACA CAPSULES,1228832852924.0,1499664,747,1,1,4973,38,48
RHQ CFC-FREE MDI,623773701977.0,39552,17,1,1,184,38,48
MGA LIQUID.TOPICAL,618704121220.0,106224,114,1,1,1027,38,48
QGP N.TOP M-D LIQ,612913409415.0,77136,36,1,1,459,38,48
ABD ENTERIC-CT TAB,588871966012.0,193104,121,1,1,1345,38,48
ABA COATED TABLETS,480304463810.0,339072,629,1,1,1325,38,48
BAA RET.TABLETS,367101621172.0,193728,199,1,1,917,38,48
MTA CREAM,365040689037.0,311856,197,1,1,1535,38,48
QGB N.TOP DROPS,350936015612.0,25680,23,1,1,307,36,48
ACY OTHER CAPSULES,344552180234.0,135456,54,1,1,1015,38,48
BBC FILM-C TAB RET,340704302464.0,201888,161,1,1,836,38,48
QGC N T SP W/O GAS,287483077290.0,45120,38,1,1,483,37,48
ADD PELLETS,225125941328.0,1344,9,1,1,26,5,48
MVA GEL/SOL TOP.,204869297073.0,144000,152,1,1,990,38,48
DGB DROPS ORAL,200002748125.0,195984,304,1,1,1290,38,48
DGM SYRUP,188951084087.0,221952,264,1,1,1287,38,48
BCA RETARD CAPS,187052227724.0,166464,163,1,1,852,38,48
MSA OINTMENT,172662629492.0,162096,169,1,1,971,38,48
AAB OR DISINTG TAB,160013174505.0,152880,184,1,1,629,38,48
RHP LUNG M-D INHAL,146515251160.0,19872,19,1,1,121,35,48
DEP ORAL U-D PWDR,144928438599.0,240240,270,1,1,1770,38,48
DGA ORAL LIQUID,133457932743.0,263904,469,1,1,1485,38,48
AAG CHEW.TABLETS,131729713524.0,136128,148,1,1,1206,38,48
DGK SUSPENSION,117953207249.0,152112,388,1,1,888,38,48
MGC SPRAY TOPICAL,112006993615.0,33360,82,1,1,429,37,48
REP LUNG M-D PWD,94172006079.0,28560,16,1,1,122,38,48
FMA AMPOULES INJ.,93442206634.0,464544,362,1,1,1621,38,48
AAK SOLUBLE TABS.,92538789096.0,79536,207,1,1,671,38,48
FQC INFUS.VIA/BOT.,86621456729.0,442176,204,1,1,1376,38,48
NGQ OPH PSV-F MU-D,79304807218.0,20544,59,1,1,134,35,48
MEK TOP SOL POWDER,79141323819.0,2784,14,1,1,50,17,48
KGC O T SP W/O GAS,73935985897.0,15120,40,1,1,216,37,48
MGS LOTIONS,70787749846.0,43344,94,1,1,373,38,48
AAH EFFERV.TABLETS,70280724195.0,92016,137,1,1,680,37,48
KGA O.TOP LIQUID,68872972810.0,39168,51,1,1,548,38,48
MVL TOP EMUL GELS,66275728915.0,6288,11,1,1,84,34,48
DEK SOLUBLE POWDER,63865089742.0,51456,124,1,1,604,38,48
MWA PLASTER W SUB,61409531125.0,29136,34,1,1,268,38,48
DGJ DRY SYRUP/DROP,57239154061.0,132624,110,1,1,735,38,48
BBA RET.COATED TAB,56966555506.0,38688,112,1,1,292,38,48
NGK OPH SUSPENSION,54847346768.0,18576,19,1,1,157,38,48
RGN LUNG U-D LIQ,51562500828.0,52848,26,1,1,317,38,48
FPB VIAL DRY,50627387592.0,491520,264,1,1,1625,38,48
BBN RT.MEMB CT TAB,47702769551.0,29088,24,1,1,211,38,48
NSA OPHT OINTMENTS,47091836210.0,35712,45,1,1,230,38,48
NGN OPHTH U-D LIQ,46629065256.0,69744,77,1,1,321,38,48
REM U-D PWD N-REF,40939150064.0,15696,11,1,1,94,38,48
DGN ORAL U-D LIQ,39103936646.0,102816,247,1,1,894,38,48
AEB ORAL GRANULES,38753418126.0,27120,161,1,1,165,27,48
PGB OTIC DROPS,38107371644.0,13536,37,1,1,180,37,48
DGP ORAL M-D LIQ,33585315105.0,14400,25,1,1,167,33,48
RCT INHALER CAPS,32528295051.0,28416,20,1,1,154,38,48
VGA N-HUM USE LIQS,32296008793.0,5808,37,1,1,74,16,48
BAJ LAYERED TAB RT,29304225719.0,13632,35,1,1,142,38,48
KDE O.TOP LOZENGES,28641137132.0,24384,45,1,1,235,38,48
JGE INHAL. LIQUIDS,28091480004.0,14352,4,1,1,85,38,48
KGP O.TOP M-D LIQ,24945988840.0,4704,11,1,1,57,26,48
FMC AMPOULES I.V.,24339729126.0,181440,213,1,1,1039,38,48
AAF SUBLING TABS,24176966687.0,33984,46,1,1,314,38,48
TTA CREAM VAGINAL,23121413127.0,20544,26,1,1,200,38,48
ABY OTH.COAT.TABS,21848692877.0,12336,9,1,1,137,35,48
ADF CHEWING GUM,21739592395.0,7872,8,1,1,82,35,48
FQA INFUS.AMPOULES,20693639140.0,109392,160,1,1,769,38,48
JWN TRANSDER.PATCH,18206717252.0,60624,25,1,1,302,38,48
MGR SPIRIT TOP.,17582200597.0,7536,11,1,1,91,6,48
MGW LIQ SOAP/WASH,17450078373.0,36864,51,1,1,406,37,48
NVB OPHT.GEL DROP,17105999576.0,5136,14,1,1,60,31,48
ADE LOZENGES,16996326967.0,17856,60,1,1,173,38,48
FPA VIAL,16337199834.0,139728,214,1,1,779,38,48
AEA POWDER ORAL,16108513049.0,19488,129,1,1,197,26,48
RGP LUNG M-D LIQ,15284185386.0,3744,2,1,1,32,38,48
FQE INFUSION BAGS,14558524028.0,91104,154,1,1,371,37,48
RHN BA CFC-FR MDI,14374562066.0,2064,2,1,1,19,18,48
AAJ LAYERED  TABS,13835173039.0,23808,45,1,1,240,36,48
FMD AMPOULES I.M.,13722660764.0,89856,204,1,1,702,38,48
BCY OTH.CAPS.RET,13305784350.0,22224,36,1,1,212,37,48
RGE LIQ/INH LUNG,13232686632.0,11472,27,1,1,138,36,48
QGA N.TOP LIQUID,12796019636.0,1824,7,1,1,36,14,48
KSB O.TOP PASTES,11636219514.0,5952,18,1,1,80,29,48
FQD INF DRY BOTTLE,11557916033.0,253104,159,1,1,1022,38,48
MWS POULTICES,10564819533.0,6384,9,1,1,76,6,48
JVP SYS M-DOS GEL,10535965515.0,7008,3,1,1,77,35,48
ACD ENTERIC CT CAP,10284457462.0,10992,31,1,1,164,37,48
BBD ENT-CT TAB RET,10198853360.0,10080,28,1,1,110,36,48
DHP OR L M-D AER,10141142708.0,2064,5,1,1,31,21,48
MYT FOAMS N.O.S,9933340111.0,4512,30,1,1,76,20,48
QHP N.TOP U/D AERO,9433319282.0,2688,9,1,1,39,23,48
AEP U-DOSE POWDERS,8849636515.0,25728,90,1,1,263,38,48
IGB N.SYST DROPS,8376995163.0,2304,4,1,1,22,27,48
NGA OPHTHAL.LIQUID,7889420935.0,4800,37,1,1,57,26,48
MGP TOP M-D LIQ,7140610840.0,2304,6,1,1,33,24,48
DKA TEAS MEDICINAL,7051629412.0,14448,19,1,1,98,22,48
FNE P-F SYRNG SC,6906236683.0,61440,30,1,1,259,38,48
MLB SUPP TOP.ADULT,6719302803.0,10320,14,1,1,153,34,48
IGP N SYS M-D LIQ,6317083600.0,11568,19,1,1,121,38,48
FNA PRE-FILL SYRNG,6183254672.0,49488,94,1,1,289,38,48
DYG READY FOODS,6011288556.0,13344,12,1,1,172,23,48
QVA N.TOP GEL/SOL,5673266316.0,2112,8,1,1,23,22,48
KTA O.TOP CREAMS,5550585640.0,1968,14,1,1,22,7,48
MEC DUSTING POWDER,5422124780.0,9792,34,1,1,131,34,48
DDY LIQ SPEC FORM,5258102470.0,1872,19,1,1,29,7,48
ADG SWEETS/BONBONS,5166791224.0,22128,56,1,1,229,19,48
BAB RET DISINT TAB,5084341219.0,1440,5,1,1,23,6,48
HLC R SYS PAED SUP,5060655216.0,15360,33,1,1,174,37,48
DKP TEA BAGS,5018918823.0,10656,20,1,1,85,22,48
FPC VIAL IV,4989580432.0,129168,186,1,1,595,38,48
ADY OTH SPEC FRMS,4758746720.0,10704,46,1,1,113,32,48
BAY OTH TABS RET,4752708415.0,3504,4,1,1,37,35,48
NVA OPHTH.GEL/SOL,4727131278.0,2304,12,1,1,32,23,48
KVA O.TOP GEL/SOL,4672484504.0,10368,21,1,1,154,33,48
JVA SYST GELS/SOLS,4555904025.0,3408,5,1,1,17,34,48
HLA R SYS SUPP NOS,4440870495.0,20784,56,1,1,209,38,48
BEP RET DOSE PWDR,4136208354.0,5856,8,1,1,45,37,48
TVA VAG.GELS/SOLS,4058717795.0,5520,15,1,1,77,30,48
ABB GELATIN CT TAB,3671754772.0,1008,14,1,1,11,6,48
MGK SUSP.TOPICAL,3440171446.0,2160,8,1,1,40,10,48
QSA N.TOP OINTMENT,3345402213.0,4848,6,1,1,67,31,48
PGA OTIC LIQUIDS,3327437050.0,2016,8,1,1,36,13,48
DEH EFFERV PDR/GRN,2639323918.0,2688,18,1,1,48,18,48
MQS IRRIGAT.FLUID,2592062109.0,18480,24,1,1,136,35,48
DGL EMULSION,2573005709.0,3072,14,1,1,51,21,48
MGL EMUL.TOPICAL,2566750446.0,7344,38,1,1,98,31,48
MGE INHAL. LIQUID,2556371160.0,672,6,1,1,13,6,48
HLB R SYS ADLT SUP,2452840554.0,31968,63,1,1,244,37,48
MLA SUPPS TOPICAL,2404026741.0,6816,19,1,1,96,19,48
FNC P-F SYRNG I.V.,2377824239.0,22368,46,1,1,190,38,48
TLS VAGINAL SUPPOS,2352753268.0,27120,37,1,1,271,36,48
MLX MICRO ENEMAS,2083774785.0,6144,7,1,1,114,27,48
PGJ OTIC DRY DROPS,1997392800.0,144,1,1,1,3,2,48
FND PRE-FILL I.M,1944582990.0,7872,29,1,1,65,35,48
MGH OIL TOPICAL,1923427751.0,4944,25,1,1,92,16,48
DGH OIL ORAL,1920145974.0,6624,15,1,1,113,21,48
MVW WASH GEL,1890573015.0,2544,24,1,1,34,18,48
JVN SYS U-D GELS,1814282796.0,5568,3,1,1,54,35,48
QEP N.TOP U-D PWDR,1767248685.0,4416,9,1,1,75,23,48
TAY VAG OTHER TABS,1766486936.0,3168,4,1,1,31,25,48
TAA VAG.TABLETS,1665002710.0,19824,31,1,1,231,38,48
FMB DRY AMPS.INJ,1599335856.0,26832,112,1,1,235,36,48
MSB PASTE,1559012826.0,4944,19,1,1,82,23,48
KSA O.T.OINTMENT,1543153513.0,2016,9,1,1,35,13,48
QGN N.TOP U-D LIQ,1447009859.0,4128,7,1,1,58,24,48
EGA ORAL LIQ RET.,1443935711.0,672,6,1,1,13,5,48
FQY OTH. INFUSIONS,1387897572.0,27216,143,1,1,102,29,48
NGJ OPHTH.DRY DROP,1377580000.0,336,6,1,1,6,5,48
VZT N-H DIAG STKS,1276155602.0,41520,6,1,1,614,24,48
TCA CAPSULES VAG.,1270850878.0,5472,16,1,1,67,35,48
NVN OPHT U-D GELS,1253455013.0,2928,8,1,1,32,18,48
VZV N-H TST EX ST,1220802785.0,54912,9,1,1,908,22,48
AAZ COMBI-PACK TAB,1146634761.0,3840,34,1,1,46,18,48
MYM ROLL STICK,1122656858.0,6000,36,1,1,103,29,48
JGP OTH SY M-D LIQ,1043732146.0,2304,3,1,1,21,27,48
KEK O.T.SOL PWDR,1004868723.0,960,6,1,1,19,5,48
VEK N-H USE SOL PD,967941100.0,192,3,1,1,4,3,48
REN U-D PWD REFILL,931111224.0,1872,8,1,1,18,15,48
MGX TOP.ENEMA LIQ,929758691.0,4848,12,1,1,85,31,48
MWD PADS W SUB,887301121.0,5808,28,1,1,88,20,48
MLC SUPP TOP.CHILD,885897598.0,5712,5,1,1,100,30,48
MGD COLLODIUM,847250832.0,16800,7,1,1,178,36,48
KEA O.TOP POWDERS,846963124.0,432,6,1,1,8,5,48
QGH NASAL TOP OILS,830780900.0,96,1,1,1,2,2,48
DGC SPRAY ORAL,824464314.0,6960,38,1,1,93,17,48
MJA BATH,781524637.0,912,10,1,1,17,6,48
MGB DROPS TOPICAL,776513360.0,3168,25,1,1,54,14,48
FNY OTH P-FILL SYR,758801451.0,19968,8,1,1,285,37,48
FRP U-D CARTRIDGE,741162605.0,3120,5,1,1,42,23,48
ABG CHEW.CTD TABS,735711676.0,912,13,1,1,17,12,48
FNH PREFIL AUTOINJ,646565650.0,24048,12,1,1,129,36,48
ABZ C-PCK CTD TABS,635132540.0,1920,10,1,1,24,20,48
KAG O.T. CHEW TAB,620138012.0,576,9,1,1,12,5,48
GPB VIAL DRY RET,594499415.0,26064,16,1,1,177,38,48
PGN OTIC U-D LIQ,587330265.0,2160,10,1,1,29,15,48
DYH LIQ FOOD N RDY,554265751.0,29856,14,1,1,492,23,48
MGN TOP U-D LIQ,550662208.0,5232,23,1,1,84,22,48
GMD AMPS I.M.RET,546604522.0,14400,20,1,1,119,38,48
GPD VIAL IM RET,540632780.0,11136,11,1,1,113,35,48
FMY AMPS OTHERS,540071458.0,12960,17,1,1,141,38,48
NGS OPHTH.LOTION,536443431.0,576,5,1,1,8,3,48
MWC GAUZE W SUB,524593079.0,6720,17,1,1,78,25,48
MVY OTH GELS/SOLS,523186750.0,1152,17,1,1,20,5,48
AAE BUCCAL TABLETS,504421182.0,3600,14,1,1,51,29,48
FRF P-F PENS,502407780.0,17808,12,1,1,104,38,48
JRP OTH SYS UD CAR,500853767.0,1248,1,1,1,11,18,48
MTW CRM SOAP/WASH,482577157.0,1296,12,1,1,26,14,48
FPD VIAL IM,481288395.0,12240,81,1,1,152,36,48
VGC N-H SP W/O GAS,474235750.0,336,5,1,1,5,4,48
ACS CACHETS,463790388.0,240,4,1,1,5,3,48
FME AMPOULES S.C.,460624490.0,5664,27,1,1,79,32,48
RHM BREATH-ACT MDI,453609034.0,960,4,1,1,9,8,48
FPE VIAL SC,446367523.0,31536,28,1,1,171,38,48
MVP TOP M-DOS GEL,431797213.0,336,2,1,1,7,2,48
MSN TOP U-D OINTS,421293868.0,1008,11,1,1,17,8,48
MTN TOP U-D CREAMS,409337266.0,8304,8,1,1,91,38,48
MJH BATH OIL,381680460.0,864,5,1,1,14,7,48
FNZ CMB-PK P-F SYR,376142781.0,240,5,1,1,3,2,48
DEY OTHER PDR/GRN,350672062.0,144,2,1,1,3,2,48
ACG CHEW.CAPSULES,339094164.0,3456,10,1,1,52,19,48
TAH VAG.EFFERV.TAB,332326782.0,2880,16,1,1,50,5,48
KHP U-D PRESS.AERO,328706040.0,144,3,1,1,3,3,48
TVN VAG U-DOSE GEL,316715929.0,4224,10,1,1,44,37,48
GPA VIAL RET,299217730.0,8688,12,1,1,83,37,48
MEA POWDERS N.O.S,280531481.0,1248,15,1,1,22,11,48
HGX R SYS ENEM LIQ,278173717.0,7632,14,1,1,86,38,48
MDY OTH.SPEC.FORM,276430848.0,672,4,1,1,8,10,48
MNS INSTIL P-F SYR,276383711.0,3360,6,1,1,39,29,48
MWY OTH MED DRESS.,274671544.0,2016,18,1,1,42,14,48
VZY N-H USE M-AIDS,268258753.0,4992,21,1,1,72,20,48
MVN TOP U-D GELS,267553374.0,2400,12,1,1,43,15,48
QGL N.TOP EMULSION,258301600.0,96,1,1,1,1,2,48
IGN N SYS U-D LIQ,257116853.0,8304,13,1,1,77,34,48
TYQ MECH PES W SUB,256836242.0,7728,4,1,1,76,35,48
PSA OTIC OINTMENT,247592434.0,192,2,1,1,4,3,48
AAY OTHER TABLETS,236297726.0,480,8,1,1,10,6,48
GND P-F SYR IM RT,235364751.0,27504,13,1,1,159,38,48
BBY OTH CT.TAB RET,235248848.0,624,3,1,1,9,10,48
KGN O.TOP U-D LIQ,228166670.0,2016,11,1,1,33,10,48
HVA R SYS GEL/SOLS,220636097.0,432,2,1,1,8,4,48
MHA PRES.AERO.TOP.,218171484.0,9984,45,1,1,120,30,48
MWB COTTON W SUB,208214342.0,1008,6,1,1,18,9,48
TEP VAG.U-DOSE PDR,206960549.0,1680,3,1,1,24,15,48
MTY OTHER CREAMS,191300673.0,432,6,1,1,8,5,48
TGS VAGINAL LOTION,183756800.0,192,3,1,1,3,4,48
GMA AMPOULES RET,178856109.0,3264,12,1,1,45,23,48
IGJ N.SYS DRY DROP,166695356.0,336,2,1,1,7,3,48
KGB O.TOP DROPS,159983294.0,528,10,1,1,10,7,48
MYY OTH SPC FORMS,153111996.0,912,16,1,1,13,8,48
HHP R SYS U-D AERO,149594107.0,6144,5,1,1,50,30,48
VED N-H USE SOLIDS,148036133.0,32592,286,1,1,60,16,48
DKJ INSTANT TEAS,125387251.0,1248,5,1,1,22,9,48
BEY OTH PDR/GRN RT,121346680.0,480,3,1,1,9,1,48
GNB PF SYR DRY RET,120570587.0,16704,7,1,1,95,38,48
TSA OINTMENT VAG.,118528390.0,384,5,1,1,8,5,48
MHT PRESSURE FOAMS,117867413.0,10080,29,1,1,107,35,48
NTA OPHTH.CREAMS,113433293.0,96,2,1,1,2,2,48
KAE O.T. BUCC TAB,113341685.0,1200,7,1,1,22,12,48
ADR OR S GLOBULES,111043569.0,12000,57,1,1,25,6,48
JSA OTH OINTMENT,108648326.0,384,3,1,1,7,6,48
FPY VIAL OTHER,105102173.0,4512,22,1,1,58,26,48
KDF O.TOP CHEW-GUM,96137022.0,96,2,1,1,2,2,48
ADQ CAKES/CHOC/BAR,92258477.0,960,8,1,1,19,10,48
TGW VAG.LIQ.SOAP,90546564.0,2640,11,1,1,48,8,48
KWY OTH MED DRESS,90520877.0,432,4,1,1,9,6,48
KHA O.T.PRESS.AERO,89133653.0,1200,12,1,1,20,16,48
MJB BATH SUB SOLID,87483792.0,528,2,1,1,11,5,48
TGN VAG U-D LIQ,84783467.0,912,8,1,1,13,13,48
QTA N.TOP CREAM,84327520.0,144,2,1,1,3,2,48
AYG FOOD READY,80677870.0,4080,4,1,1,71,18,48
ZYY UNSPECIFIED,80501620.0,5904,78,1,1,43,9,48
TGA VAGINAL LIQUID,72296247.0,3216,15,1,1,49,24,48
NNA P-FIL SYR OPHT,71442477.0,14208,9,1,1,127,37,48
MEP TOP U-D PWDR,70128322.0,336,5,1,1,5,6,48
NWD OPHT.PAD W SUB,69717180.0,96,2,1,1,2,2,48
KEP O.TOP U-D PWDR,68085918.0,1152,6,1,1,22,7,48
QHA N.T. PRES.AERO,64382123.0,3600,9,1,1,54,21,48
FRA CARTRIDGES,64009883.0,10704,7,1,1,65,38,48
MTL EMULSION CREAM,64006612.0,288,4,1,1,6,4,48
DGF SUBLING LIQ,62654098.0,2352,12,1,1,29,17,48
VYY N-HUM UNKNOWN,58097598.0,48,1,1,1,1,1,48
TVW VAG WASH GELS,56748100.0,144,3,1,1,3,2,48
FNB PF SYR DRY ORD,53696917.0,1680,5,1,1,13,19,48
TAZ C-PCK TAB.VAG,50844205.0,1488,4,1,1,16,14,48
TWE TAMPON W SUB,49367779.0,144,3,1,1,2,2,48
MTP TOP M-D CREAMS,48725324.0,1056,3,1,1,12,17,48
TYR VAGINAL I.U.D.,48341379.0,5568,2,1,1,48,38,48
FQB INFUS.DRY AMPS,47860854.0,4608,39,1,1,64,28,48
VAH N-H EFFERV TAB,46387192.0,144,3,1,1,3,2,48
KAZ O.T. C-PK TAB,45582720.0,48,1,1,1,1,1,48
TLZ VAG C-PCK SUPP,44978081.0,1776,7,1,1,22,13,48
FRB DRY CARTRIDGE,44800527.0,4032,2,1,1,32,28,48
IHP NA SYS M-D AER,44771335.0,240,4,1,1,5,3,48
ADP CUBES,44543885.0,288,5,1,1,5,5,48
ASB ORAL PASTE,43695702.0,336,3,1,1,7,6,48
GMY OTH AMPS RET,41885227.0,192,4,1,1,4,4,48
HLX R SYS MICRO EN,41283753.0,1872,4,1,1,22,23,48
JTA OTH SYS CREAMS,41258368.0,432,4,1,1,6,5,48
TTN VAG U-D CREAMS,40822292.0,816,6,1,1,14,8,48
MJL BATH EMULSION,40035460.0,144,2,1,1,3,2,48
JGC SPRAY W/O PRES,36931575.0,288,1,1,1,6,2,48
QEA N.TOP POWDER,35673983.0,432,4,1,1,9,6,48
GNA PRE-FIL SYR RT,34716991.0,768,4,1,1,9,11,48
ZGA UNKNOWN LIQUID,33855425.0,144,2,1,1,2,2,48
MPB TOP. DRY VIALS,32264762.0,4128,5,1,1,46,33,48
TWY VAG OTH MED DR,29279440.0,96,2,1,1,2,2,48
MHC PRES.POWD.TOP.,29009306.0,1200,7,1,1,18,17,48
QGE N.T. LIQ.INHAL,28831340.0,144,3,1,1,3,2,48
KAK O.T. SOL TABS,27038205.0,576,2,1,1,12,2,48
AEY OTH PWDR/GRNL,26810340.0,2112,6,1,1,21,20,48
NPB OPHT DRY VIALS,26267779.0,1824,5,1,1,11,24,48
MZK GEL+COLLOID DR,26141621.0,6240,12,1,1,68,11,48
EEP RET U-D PWDR,24991781.0,768,3,1,1,5,15,48
MJT FOAM BATH,24762348.0,192,3,1,1,4,3,48
MTZ COMB-PCK CREAM,24199529.0,1008,7,1,1,14,9,48
PGP OTIC M-D LIQ,22836954.0,336,3,1,1,6,2,48
MWH SPONGES W SUB,21064326.0,768,7,1,1,14,10,48
BEB RET GRN N.O.S,20382820.0,384,3,1,1,8,1,48
MZY OTHER MED.AIDS,19961933.0,2832,15,1,1,46,10,48
KDY OTH SPEC FORM,19268206.0,240,2,1,1,5,2,48
MYW SOLID SOAP/BAR,18492465.0,3600,22,1,1,59,17,48
MZD PADS W/O SUB,18065278.0,4512,9,1,1,49,3,48
IVP NA SYS M-D GEL,16716660.0,144,1,1,1,2,3,48
NGC OPH SP W/O GAS,15165900.0,432,2,1,1,8,5,48
PGK OTIC SUSPENS.,14866800.0,96,2,1,1,2,2,48
MSL EMULSION OINTS,14429983.0,192,4,1,1,2,2,48
NPA OPHTHAL VIALS,13933885.0,6768,8,1,1,52,37,48
HCA RECT SYST CAPS,13367347.0,384,4,1,1,6,6,48
MGZ COMBI-PACK LIQ,13113150.0,2880,25,1,1,43,12,48
NSN OPHT U-D OINTS,13067763.0,384,4,1,1,8,4,48
KCA O.TOP CAPSULES,12505460.0,96,2,1,1,2,2,48
VMA N-HUM USE AMPS,12356221.0,672,4,1,1,14,5,48
GNE P-F SYR SC RET,12231103.0,6192,7,1,1,50,33,48
BCN RET MEMBR CAPS,11866616.0,96,2,1,1,2,2,48
QYM N.T.ROLL/STICK,11471583.0,192,2,1,1,4,2,48
KZY OTHER MED AID,11150764.0,96,2,1,1,2,2,48
FRG DRY P-F PENS,11015392.0,1680,2,1,1,17,20,48
MNA P-FILL SYR TOP,10790014.0,1056,4,1,1,18,11,48
EEK RET SOLUB PDR.,10774780.0,528,4,1,1,10,4,48
VVA N-HUM.GEL/SOL,10766734.0,384,5,1,1,8,4,48
TGL VAG.LIQ.EMULS.,10223775.0,48,1,1,1,1,1,48
HEX R SYS ENEM PWD,10105935.0,96,1,1,1,2,1,48
NAK OPHT SOL TABS,10023005.0,96,1,1,1,2,1,48
ACF BITE CAPSULES,9439909.0,96,1,1,1,2,2,48
JGA SYST.LIQUIDS,9361504.0,96,2,1,1,2,2,48
QCT N.TOP INH.CAP,8939951.0,144,3,1,1,3,2,48
NGZ OPTH C-PCK LIQ,8777468.0,816,7,1,1,13,2,48
KVN OR TOP U-D GEL,8732474.0,768,5,1,1,7,11,48
MWG BANDAGES W SUB,8688186.0,432,3,1,1,7,4,48
MHP TOP U-DSE AERO,8055089.0,432,3,1,1,4,9,48
MZA PLAST W/O SUB,7721011.0,1776,12,1,1,30,7,48
GYV IMPLANTS,7599877.0,2400,11,1,1,31,24,48
HAX R SYS ENEM TAB,7542004.0,1488,1,1,1,17,20,48
NHA OPHT PRES.AERO,7181027.0,96,1,1,1,2,2,48
GPE VIAL SC RET,7034111.0,1344,2,1,1,11,14,48
FNF P-F SYRNG I D,6782031.0,624,1,1,1,2,12,48
BAE RET.BUCCAL TAB,6177280.0,96,1,1,1,2,2,48
KGD COLLOD/LACQUER,5823402.0,528,3,1,1,6,5,48
MHS PRESS OINT+CRM,5576729.0,192,4,1,1,4,2,48
NWC OP.GAUZ/FLEECE,5137080.0,96,2,1,1,2,2,48
MYK TOP STYLI/CONE,5120263.0,768,1,1,1,3,15,48
QGZ N.T. C-PCK LIQ,4996871.0,192,3,1,1,4,3,48
MGT SHAKING MIXT,4929936.0,48,1,1,1,1,1,48
TTZ CMB-PK CRM VAG,4921906.0,240,3,1,1,4,5,48
VPA N-H USE VIALS,4889245.0,336,5,1,1,7,4,48
KDG SWEETS+BONBON,4252675.0,336,7,1,1,4,3,48
FNJ P-F MAN SLF IJ,3780507.0,2112,2,1,1,15,18,48
DGZ OTH C-PCK LIQS,3530851.0,192,4,1,1,4,3,48
MMB TOP/EX.DRY AMP,3413718.0,720,1,1,1,11,13,48
VSB N-H USE PASTES,3241534.0,240,4,1,1,4,2,48
MCV TOPICAL CAPS,3202016.0,432,5,1,1,7,4,48
TYY OTH SPEC FORMS,3192210.0,288,4,1,1,5,2,48
MZC GAUZE W/O SUB,2493133.0,528,4,1,1,10,2,48
VWC GAUZE W SUBST,2067120.0,48,1,1,1,1,1,48
ACZ COMBI-PCK CAPS,2041679.0,624,11,1,1,13,8,48
TYT FOAM VAGINAL,1921851.0,288,4,1,1,6,4,48
FMZ C-PACK AMPS,1853881.0,96,2,1,1,2,2,48
MNF TOP I D PF SYR,1823551.0,2400,3,1,1,37,14,48
DGY OTH LIQUIDS.,1640171.0,144,2,1,1,2,3,48
MPS TOP.INSTL.VIAL,1531064.0,1104,6,1,1,19,14,48
IEP N SYS U-D PWDR,1523744.0,48,1,1,1,1,1,48
MMS INSTILLAT AMP.,1349821.0,144,2,1,1,3,2,48
MWE TAMPONS W SUB,1345036.0,192,4,1,1,3,1,48
ZEA UNKNOWN POWDER,1333220.0,144,2,1,1,3,3,48
AYH FOOD NOT READY,1181047.0,1680,1,1,1,27,12,48
VTA N-H USE CREAMS,1134000.0,96,2,1,1,2,2,48
GME AMPS S.C.RET,1074796.0,192,3,1,1,4,3,48
NGP OPHTH M-D LIQ,949418.0,96,2,1,1,1,1,48
JSN SYS U-DOS OINT,940873.0,96,2,1,1,2,2,48
NZT OPHT.DIAG.STCK,806600.0,96,1,1,1,2,2,48
BDY RET.SPEC.SOLID,801430.0,192,2,1,1,4,3,48
NDN OCULAR SYSTEMS,797178.0,336,4,1,1,6,3,48
FPZ C-PCK VIAL,784625.0,192,3,1,1,4,2,48
HSN R SYS U-D OINT,783400.0,48,1,1,1,1,1,48
VEA N-H USE PWDERS,726710.0,384,6,1,1,7,4,48
MZJ TISS ABS M-AID,713518.0,960,4,1,1,18,9,48
KGK O.T.SUSPENSION,698073.0,384,2,1,1,4,7,48
KDD O.TOP PELLETS,674760.0,48,1,1,1,1,1,48
MPF TOP I D VIALS,650535.0,1440,4,1,1,17,19,48
KTZ O.T. C/PK CRM,627742.0,240,3,1,1,2,2,48
MAK TOP.SOLUB.TABS,615890.0,48,1,1,1,1,1,48
VGN N-HUM U-D LIQ,573148.0,672,5,1,1,13,4,48
MEB GRANULES N.O.S,529590.0,96,2,1,1,2,2,48
EGM RETARD SYRUP,488300.0,96,2,1,1,2,2,48
MEX ENEMA POWDERS,484889.0,48,1,1,1,1,1,48
ZYX PROMOTIONAL PK,475923.0,336,7,1,1,6,5,48
KAH O.T. EFF TABS,451830.0,96,1,1,1,2,1,48
DKB TEA EXTRACT,411962.0,288,5,1,1,5,4,48
MSZ COMB-PCK OINTS,400449.0,96,2,1,1,2,2,48
MJY OTHER BATHS,379757.0,96,2,1,1,2,2,48
GNY OTH P-F SYR RT,311921.0,144,1,1,1,3,3,48
MVZ CMB-PK GEL/SOL,281058.0,384,6,1,1,7,5,48
GPY VIAL OTHER RET,252998.0,816,3,1,1,7,15,48
MSY OINTMENT OTHER,214912.0,48,1,1,1,1,1,48
MNY TOP OTH PF SYR,186295.0,144,1,1,1,3,3,48
KYK O.T.STYLI/CONE,158167.0,48,1,1,1,1,1,48
MWZ C-PCK MED DRES,150284.0,144,3,1,1,3,3,48
AEF SUBL PWDR/GRNL,148076.0,48,1,1,1,1,1,48
JFA SYS GAS INHAL,132935.0,96,2,1,1,2,2,48
HHT R SYS FOAMS,124726.0,48,1,1,1,1,1,48
MMA TOP AMPOULES,106609.0,240,3,1,1,5,4,48
ADZ C-PCK SPC FRMS,97612.0,144,2,1,1,3,3,48
RYJ CIGARETTES,94367.0,288,3,1,1,6,3,48
VHA N-H USE AEROS,89707.0,48,1,1,1,1,1,48
MPA TOP/EXT. VIALS,82875.0,192,4,1,1,4,4,48
VGB N-HUM USE DROP,82349.0,576,2,1,1,12,1,48
THT VAG.PRESS.FOAM,71664.0,96,2,1,1,2,2,48
THA VAG.PRESS.AERO,71479.0,48,1,1,1,1,1,48
MHW PRES SOAP/WASH,68274.0,48,1,1,1,1,1,48
VAK N-H SOLUBL TAB,59581.0,144,1,1,1,3,1,48
MZE TAMPON W/O SUB,52532.0,192,3,1,1,3,1,48
NMA OPHTH AMPOULES,46142.0,240,3,1,1,5,5,48
KGJ DRY SUSP/DROP,44730.0,48,1,1,1,1,1,48
MZG BAND W/O SUB,36926.0,144,2,1,1,3,2,48
JEY SYST.PDR/GRNL,32261.0,720,1,1,1,6,15,48
GRA CARTRIDGES RET,25674.0,48,1,1,1,1,1,48
MYP BONE CEMENT,24620.0,144,1,1,1,2,3,48
NZD OP.PAD W/O SUB,24425.0,48,1,1,1,1,1,48
GMB DRY AMPS.RET.,23447.0,96,2,1,1,2,2,48
NZY OPHT OTH M/AID,13820.0,48,1,1,1,1,1,48
MEY TOP OTH PDR/GR,12700.0,96,1,1,1,2,1,48
KYM STICK/ROLL-ON,12684.0,48,1,1,1,1,1,48
MZV TOP TST EX ST,9751.0,192,2,1,1,3,4,48
FPF VIAL ID,7543.0,48,1,1,1,1,1,48
JWM TRANSDER SYSTM,7313.0,144,1,1,1,1,3,48
MMF TOP I D AMPS,7220.0,96,1,1,1,2,2,48
PYY OT OTH SPC FRM,6790.0,48,1,1,1,1,1,48
DKY OTHER TEAS,4350.0,48,1,1,1,1,1,48
GRG DRY P-F PEN RT,3380.0,48,1,1,1,1,1,48
AEZ C-PCK PDR/GRNL,3190.0,96,2,1,1,2,2,48
ABF SUBL.COAT.TABS,1613.0,48,1,1,1,1,1,48
TAK VAG.SOLUB.TABS,800.0,48,1,1,1,1,1,48
JYM STICKS+ROLL-ON,428.0,96,2,1,1,2,2,48
JGN OTH SY U-D LIQ,224.0,48,1,1,1,1,1,48
IVN NA SYS U-D GEL,218.0,48,1,1,1,1,1,48
MPY TOP. OTH.VIALS,104.0,48,1,1,1,1,1,48
GNH PF AUTOINJ RET,92.0,48,1,1,1,1,1,48
MGJ DRY SUSP/DROPS,70.0,48,1,1,1,1,1,48
MHZ C-PCK PRES AER,70.0,48,1,1,1,1,1,48
DEZ LIQ C-PCK P/GR,57.0,48,1,1,1,1,1,48
MEZ TOP C/PK GR/PD,34.0,48,1,1,1,1,1,48
FQF INF CARTRIDGES,23.0,48,1,1,1,1,1,48
MZP BONE CEMENT WO,21.0,96,2,1,1,2,1,48
AYZ C-PCK SP FRM,10.0,48,1,1,1,1,1,48
ZZZ C-PCK M-AIDS,1.0,48,1,1,1,1,1,48
