market,n_series,n_products,n_atc_mapped,n_single_atc,median_history,pct_history_ge12,pct_history_ge24,pct_complete,mean_internal_blank,median_internal_blank,mean_longest_run,p90_longest_run,pct_longrun_ge4,gini_volume,volume_share
JAPAN,925,925,592,389,48.0,0.9913513513513513,0.9686486486486486,0.8529729729729729,0.055135135135135134,0.0,0.04108108108108108,0.0,0.002162162162162162,0.8326892831239701,0.09004803956120874
GERMANY,1087,1087,729,439,48.0,0.9788408463661453,0.9457221711131555,0.8656853725850966,0.2575896964121435,0.0,0.16835326586936522,0.0,0.014719411223551058,0.8622785637110044,0.05177496461497549
CANADA,947,947,661,405,48.0,0.9746568109820486,0.9271383315733897,0.8289334741288279,0.32101372756071805,0.0,0.2249208025343189,0.0,0.021119324181626188,0.8346748869762881,0.024477256143501113
ITALY,995,995,692,432,48.0,0.9688442211055276,0.942713567839196,0.8582914572864322,0.4552763819095477,0.0,0.32261306532663314,0.0,0.02814070351758794,0.8233477002918823,0.02652394897420787
AUSTRALIA,912,912,634,390,48.0,0.9671052631578947,0.9320175438596491,0.831140350877193,0.3519736842105263,0.0,0.26206140350877194,0.0,0.01644736842105263,0.8379425047214788,0.018761811454018836
SPAIN,1010,1010,716,435,48.0,0.9653465346534653,0.9316831683168317,0.8475247524752475,1.0445544554455446,0.0,0.6693069306930693,0.0,0.05247524752475247,0.831297077423933,0.026562294419017054
NETHERLANDS,853,853,624,406,48.0,0.9636576787807737,0.9237983587338804,0.7831184056271981,0.35756154747948415,0.0,0.30246189917936694,0.0,0.02813599062133646,0.8396303034075812,0.007702276610123969
PORTUGAL,990,990,701,432,48.0,0.9636363636363636,0.9303030303030303,0.8242424242424242,0.908080808080808,0.0,0.693939393939394,0.0,0.05454545454545454,0.8095897243801276,0.005736869511041698
FRANCE,1006,1006,687,430,48.0,0.963220675944334,0.9204771371769384,0.841948310139165,0.5745526838966203,0.0,0.4025844930417495,0.0,0.03479125248508946,0.8357900943794736,0.04188015000231733
US,1005,1005,679,408,48.0,0.9621890547263682,0.9393034825870646,0.8646766169154229,0.32338308457711445,0.0,0.25970149253731345,0.0,0.023880597014925373,0.8381737875932265,0.16048158915899347
UK,1044,1044,710,441,48.0,0.9616858237547893,0.9252873563218391,0.8400383141762452,0.5996168582375478,0.0,0.3955938697318008,0.0,0.03735632183908046,0.8868357688033872,0.04572755176221054
SWEDEN,775,775,572,371,48.0,0.96,0.9238709677419354,0.7845161290322581,0.3303225806451613,0.0,0.2838709677419355,0.0,0.024516129032258065,0.8605010888768305,0.006488120747209064
KOREA,1028,1028,662,414,48.0,0.9552529182879378,0.9056420233463035,0.7733463035019456,0.29961089494163423,0.0,0.22081712062256809,0.0,0.019455252918287938,0.8346928759532906,0.027143593687947658
FINLAND,778,778,574,364,48.0,0.9550128534704371,0.916452442159383,0.7660668380462725,0.4473007712082262,0.0,0.34061696658097684,0.0,0.02699228791773779,0.8410658661025998,0.0035358845708282904
HUNGARY,899,899,684,429,48.0,0.9521690767519466,0.899888765294772,0.7085650723025584,0.8598442714126807,0.0,0.699666295884316,1.0,0.05784204671857619,0.8495630357521473,0.006033386642075692
CZECH REPUBLIC,910,910,673,414,48.0,0.9516483516483516,0.9,0.7373626373626374,0.6538461538461539,0.0,0.510989010989011,1.0,0.045054945054945054,0.828659643871571,0.005835014682867945
CHINA,960,960,634,404,48.0,0.95,0.9197916666666667,0.8125,0.3625,0.0,0.2833333333333333,0.0,0.020833333333333332,0.8142384761544303,0.10488070228575411
NEW ZEALAND,868,868,606,386,48.0,0.9493087557603687,0.8940092165898618,0.716589861751152,1.054147465437788,0.0,0.7603686635944701,2.0,0.06451612903225806,0.8791656465887194,0.003969933336064858
TURKEY,921,921,649,399,48.0,0.9489685124864278,0.8914223669923995,0.738327904451683,0.7774158523344191,0.0,0.6026058631921825,1.0,0.04777415852334419,0.8229179717125994,0.030786116040678102
SWITZERLAND,905,905,653,411,48.0,0.9480662983425414,0.9049723756906077,0.7834254143646409,0.26519337016574585,0.0,0.19005524861878453,0.0,0.016574585635359115,0.8163604344794118,0.003935227142270132
AUSTRIA,945,945,666,416,48.0,0.946031746031746,0.9005291005291005,0.8021164021164021,0.32275132275132273,0.0,0.24973544973544973,0.0,0.021164021164021163,0.8262642172253409,0.004317774512456683
DENMARK,812,812,595,384,48.0,0.9445812807881774,0.9002463054187192,0.7672413793103449,0.5270935960591133,0.0,0.3645320197044335,0.0,0.034482758620689655,0.8763847460236815,0.0034372583826159167
RUSSIA,981,981,697,408,48.0,0.9398572884811417,0.910295616717635,0.7828746177370031,0.7971457696228338,0.0,0.5514780835881753,1.0,0.05402650356778797,0.8779023203704726,0.07589747522509448
BRAZIL,985,985,683,414,48.0,0.9360406091370559,0.883248730964467,0.7390862944162436,1.2568527918781727,0.0,0.8446700507614213,2.0,0.07614213197969544,0.8857863301234703,0.09335828330751268
BULGARIA,842,842,633,380,48.0,0.9358669833729216,0.8669833729216152,0.7220902612826603,0.9275534441805225,0.0,0.6947743467933492,1.0,0.052256532066508314,0.811055483889425,0.0034437793027260167
POLAND,1014,1014,715,438,48.0,0.9339250493096647,0.8944773175542406,0.7583826429980276,1.1735700197238659,0.0,0.7159763313609467,1.0,0.047337278106508875,0.838308940769958,0.02090288572625867
KAZAKHSTAN,810,810,588,336,48.0,0.9333333333333333,0.8296296296296296,0.6172839506172839,1.762962962962963,0.0,1.3419753086419752,4.0,0.10987654320987654,0.8792802617386251,0.005853145854014111
BELGIUM,956,956,682,426,48.0,0.9330543933054394,0.8891213389121339,0.7635983263598326,1.2405857740585775,0.0,0.9403765690376569,2.0,0.0700836820083682,0.8387203662822216,0.006227787742877079
HONG KONG,936,936,672,411,48.0,0.9294871794871795,0.875,0.6912393162393162,1.6047008547008548,0.0,0.8311965811965812,2.0,0.07264957264957266,0.8632520285944862,0.004505539403999022
UKRAINE,946,946,677,394,48.0,0.9291754756871036,0.8319238900634249,0.6617336152219874,1.3615221987315012,0.0,0.9207188160676533,2.5,0.08456659619450317,0.8665437798093434,0.011934623421356549
SOUTH AFRICA,976,976,679,415,48.0,0.9200819672131147,0.8473360655737705,0.7161885245901639,1.0133196721311475,0.0,0.8719262295081968,1.0,0.0584016393442623,0.8788175876222231,0.014741094065986416
MEXICO,1015,1015,710,406,48.0,0.9142857142857143,0.8443349753694581,0.6758620689655173,1.8660098522167488,0.0,1.3300492610837438,4.0,0.1103448275862069,0.8539512611640487,0.00992462512324964
CROATIA,788,788,600,374,48.0,0.9124365482233503,0.817258883248731,0.6015228426395939,1.365482233502538,0.0,1.1738578680203047,2.0,0.07614213197969544,0.8415494523895961,0.0019939745820057
CHILE,900,900,646,392,48.0,0.8977777777777778,0.8022222222222222,0.6088888888888889,2.05,0.0,1.37,5.0,0.1288888888888889,0.8693081628916324,0.0036091912607599756
VIETNAM,977,977,679,379,48.0,0.8955987717502559,0.8157625383828045,0.6438075742067554,2.156601842374616,0.0,1.472876151484135,5.0,0.1218014329580348,0.9046723652570305,0.021406821131326685
ARGENTINA,993,993,712,410,48.0,0.8872104733131924,0.7623363544813696,0.6243705941591138,1.339375629405841,0.0,0.878147029204431,2.0,0.0755287009063444,0.8665229519111877,0.010570150762357237
SAUDI ARABIA,882,882,625,394,48.0,0.8843537414965986,0.780045351473923,0.5487528344671202,2.2653061224489797,0.0,1.626984126984127,4.0,0.12018140589569161,0.8762602849772521,0.01286928932480858
UAE,900,900,647,394,48.0,0.8588888888888889,0.7566666666666667,0.51,2.5677777777777777,0.0,1.8,5.0,0.13111111111111112,0.8628222254169531,0.002721569523282621
